economy,Country,YR1980,YR1981,YR1982,YR1983,YR1984,YR1985,YR1986,YR1987,YR1988,YR1989,YR1990,YR1991,YR1992,YR1993,YR1994,YR1995,YR1996,YR1997,YR1998,YR1999,YR2000,YR2001,YR2002,YR2003,YR2004,YR2005,YR2006,YR2007,YR2008,YR2009,YR2010,YR2011,YR2012,YR2013,YR2014,YR2015,YR2016,YR2017,YR2018,YR2019,YR2020,YR2021,YR2022,YR2023
ZWE,Zimbabwe,,,,,,,,,,,,,,,,,,,,,,,,,,,,,,,,43.2,,,,,,44.3,,50.3,,,,
ZMB,Zambia,,,,,,,,,,,,59.4,,52.6,,,48.3,,49.1,,,,42.1,,54.3,,54.6,,,,52.0,,,,,55.8,,,,,,,51.5,
YEM,"Yemen, Rep.",,,,,,,,,,,,,,,,,,,35.0,,,,,,,34.7,,,,,,,,,36.7,,,,,,,,,
PSE,West Bank and Gaza,,,,,,,,,,,,,,,,,,,,,,,,,34.0,34.7,34.0,35.6,,34.5,35.3,34.4,,,,,33.7,,,,,,,36.4
VIR,Virgin Islands (U.S.),,,,,,,,,,,,,,,,,,,,,,,,,,,,,,,,,,,,,,,,,,,,
VNM,Viet Nam,,,,,,,,,,,,,35.7,,,,,35.4,,,,,37.0,,36.8,,35.8,,35.6,,39.3,,35.6,,34.8,,35.3,,35.7,,36.8,,36.1,
VEN,"Venezuela, RB",,55.6,,,,,,53.4,,43.8,,,42.1,,,47.2,,,48.0,47.7,,47.2,48.9,47.9,47.3,49.3,44.7,,,,,,,,,,,,,,,,,
VUT,Vanuatu,,,,,,,,,,,,,,,,,,,,,,,,,,,,,,,37.4,,,,,,,,,32.3,,,,
UZB,Uzbekistan,,,,,,,,,,,,,,,,,,,44.1,,35.9,,33.0,35.2,,,,,,,,,,,,,,,,,,32.9,31.2,34.5
URY,Uruguay,,43.6,,,,,,,,42.4,,,41.5,,,40.9,40.8,41.5,42.5,,43.4,45.0,45.5,45.0,45.9,44.7,45.9,46.4,45.1,45.5,44.5,42.2,39.9,40.5,40.1,40.1,39.7,39.5,39.7,39.7,40.2,40.8,40.6,40.9
USA,United States,34.7,35.5,36.7,37.3,37.3,37.6,37.6,37.2,37.7,38.2,38.3,38.0,38.4,40.4,40.0,39.9,40.3,40.5,40.0,40.0,40.1,40.6,40.4,40.8,40.5,41.3,41.7,41.1,41.1,40.8,40.2,41.2,41.2,40.9,41.7,41.5,41.3,41.4,41.8,41.9,40.0,39.7,41.7,41.8
GBR,United Kingdom,28.5,29.7,29.9,29.8,29.2,30.4,31.9,33.9,34.3,33.4,35.7,35.0,35.0,35.1,36.0,35.5,35.3,35.7,36.6,36.8,38.8,37.1,35.1,34.9,34.8,35.5,35.9,34.4,35.4,35.1,33.7,33.2,33.1,32.7,33.1,33.3,33.1,32.6,33.7,32.8,32.6,32.4,,
ARE,United Arab Emirates,,,,,,,,,,,,,,,,,,,,,,,,,,,,,,,,,,32.5,,,,,26.4,,,,,
UKR,Ukraine,,,,,,,,,,,,,29.7,28.9,,39.2,35.2,,,28.9,,,29.0,28.7,28.9,29.0,29.8,27.0,26.6,25.3,24.8,24.6,24.7,24.6,24.0,25.5,25.0,26.0,26.1,26.6,25.6,,,
UGA,Uganda,,,,,,,,,,44.4,,,41.4,,,,39.0,,,43.0,,,45.2,,,42.9,,,,44.2,,,41.0,,,,42.8,,,42.7,,,,
TUV,Tuvalu,,,,,,,,,,,,,,,,,,,,,,,,,,,,,,,39.1,,,,,,,,,,,,,
TCA,Turks and Caicos Islands,,,,,,,,,,,,,,,,,,,,,,,,,,,,,,,,,,,,,,,,,,,,
TKM,Turkmenistan,,,,,,,,,,,,,,,,,,,40.8,,,,,,,,,,,,,,,,,,,,,,,,,
TUR,Turkiye,,,,,,,,41.0,,,,,,,41.3,,,,,,,,41.4,42.2,41.3,42.6,39.6,38.4,39.0,39.0,38.8,40.0,40.2,40.2,41.2,42.9,41.9,43.5,42.4,43.8,43.0,44.4,44.5,
TUN,Tunisia,,,,,,43.4,,,,,40.1,,,,,41.7,,,,,40.8,,,,,37.7,,,,,38.5,,,,,32.8,,,,,,33.7,,
TTO,Trinidad and Tobago,,,,,,,,,42.6,,,,40.2,,,,,,,,,,,,,,,,,,,,,,,,,,,,,,,
TON,Tonga,,,,,,,,,,,,,,,,,,,,,37.7,,,,,,,,,37.5,,,,,,33.5,,,,,,27.1,,
TGO,Togo,,,,,,,,,,,,,,,,,,,,,,,,,,,42.2,,,,,46.0,,,,43.0,,,42.5,,,37.9,,
TLS,Timor-Leste,,,,,,,,,,,,,,,,,,,,,,35.9,,,,,,27.8,,,,,,,28.7,,,,,,,,,
THA,Thailand,,45.2,,,,,,,43.8,,45.3,,47.9,,43.5,,42.9,,41.5,43.1,42.8,,41.9,,42.5,,41.8,39.8,40.3,39.6,39.4,37.5,39.3,37.8,37.0,36.0,36.7,36.4,36.4,34.9,35.0,34.9,34.3,33.5
TZA,Tanzania,,,,,,,,,,,,35.3,,,,,,,,,37.3,,,,,,,40.3,,,,37.8,,,,,,,40.5,,,,,
TJK,Tajikistan,,,,,,,,,,,,,,,,,,,,29.5,,,,32.7,33.6,,,32.2,,30.8,,,,,,34.0,,,,,,32.4,39.5,38.0
SYR,Syrian Arab Republic,,,,,,,,,,,,,,,,,35.2,,,,,,,37.5,,,40.1,,,40.4,,,,,,,,,,,,,26.6,
CHE,Switzerland,,,36.0,,,,,,,,,,33.9,,,,,,,,33.4,,31.7,,31.6,,33.9,34.3,33.8,32.9,32.6,31.7,31.6,32.5,32.5,32.3,33.0,32.7,33.1,34.0,33.7,33.8,33.8,
SWE,Sweden,,22.9,,,,,,23.1,,,,,24.9,,,25.2,,,,,27.0,26.5,26.2,25.3,26.1,26.8,26.4,27.1,28.1,27.3,27.7,27.6,27.6,28.8,28.4,29.2,29.6,28.8,30.0,29.3,28.9,29.8,31.6,29.3
SUR,Suriname,,,,,,,,,,,,,,,,,,,,57.5,,,,,,,,,,,,,,,,,,,,,,,39.2,
SDN,Sudan,,,,,,,,,,,,,,,,,,,,,,,,,,,,,,35.4,,,,,34.2,,,,,,,,,
VCT,St. Vincent and the Grenadines,,,,,,,,,,,,,,,,,,,,,,,,,,,,,,,,,,,,,,,,,,,,
MAF,St. Martin (French part),,,,,,,,,,,,,,,,,,,,,,,,,,,,,,,,,,,,,,,,,,,,
LCA,St. Lucia,,,,,,,,,,,,,,,,42.6,,,,,,,,,,,,,,,,,,,,43.7,,,,,,,,
KNA,St. Kitts and Nevis,,,,,,,,,,,,,,,,,,,,,,,,,,,,,,,,,,,,,,,,,,,,
LKA,Sri Lanka,,,,,,32.5,,,,,32.4,,,,,35.4,,,,,,,40.2,,,,39.7,,,36.1,,,38.7,,,,39.3,,,37.7,,,,
ESP,Spain,34.5,,,,,34.4,,,,,32.0,,,35.7,35.1,35.7,36.5,35.3,34.6,33.8,34.1,,,31.8,33.3,32.4,33.5,34.1,34.2,34.9,35.2,35.7,35.4,36.2,36.1,36.2,35.8,34.7,34.7,34.3,34.9,33.9,33.6,33.4
SSD,South Sudan,,,,,,,,,,,,,,,,,,,,,,,,,,,,,,46.3,,,,,,,44.0,,,,,,,
ZAF,South Africa,,,,,,,,,,,,,,59.3,,,,,,,57.8,,,,,64.8,,,63.0,,63.4,,,,63.0,,,,,,,,,
SOM,"Somalia, Fed. Rep.",,,,,,,,,,,,,,,,,,,,,,,,,,,,,,,,,,,,,,,,,,,,
SLB,Solomon Islands,,,,,,,,,,,,,,,,,,,,,,,,,,46.1,,,,,,,37.1,,,,,,,,,,,
SVN,Slovenia,,,,,,,,23.6,,,,,,29.1,,,,24.1,28.4,24.0,,,29.1,30.9,24.8,24.6,24.4,24.4,23.7,24.8,24.9,24.9,25.6,26.2,25.7,25.4,24.8,24.2,24.6,24.4,24.0,24.3,24.3,24.7
SVK,Slovak Republic,,,,,,,,,,,,,20.2,,,,26.3,,,,,,,,27.1,29.3,25.8,24.7,26.0,27.2,27.3,26.5,26.1,28.1,26.1,26.5,25.2,23.2,25.0,23.2,24.2,24.1,24.1,23.8
SXM,Sint Maarten (Dutch part),,,,,,,,,,,,,,,,,,,,,,,,,,,,,,,,,,,,,,,,,,,,
SGP,Singapore,,,,,,,,,,,,,,,,,,,,,,,,,,,,,,,,,,,,,,,,,,,,
SLE,Sierra Leone,,,,,,,,,,,,,,,,,,,,,,,,40.2,,,,,,,,34.0,,,,,,,35.7,,,,,
SYC,Seychelles,,,,,,,,,,,,,,,,,,,,42.8,,,,,,,42.8,,,,,,,46.8,,,,,32.1,,,,,
SRB,Serbia,,,,,,,,,,,,,,,,,,,,,,,32.7,32.8,35.5,36.5,29.7,28.7,27.6,28.0,29.0,,39.9,39.4,40.4,40.5,38.8,36.1,35.0,34.5,35.0,33.1,32.8,
SEN,Senegal,,,,,,,,,,,,54.0,,,39.2,,,,,,,41.2,,,,39.2,,,,,,40.3,,,,,,,38.3,,,36.2,,
SAU,Saudi Arabia,,,,,,,,,,,,,,,,,,,,,,,,,,,,,,,,,,,,,,,,,,,,
STP,Sao Tome and Principe,,,,,,,,,,,,,,,,,,,,,32.1,,,,,,,,,,30.8,,,,,,,40.7,,,,,,
SMR,San Marino,,,,,,,,,,,,,,,,,,,,,,,,,,,,,,,,,,,,,,,,,,,,
WSM,Samoa,,,,,,,,,,,,,,,,,,,,,,,40.7,,,,,,42.0,,,,,38.7,,,,,,,,,,
RWA,Rwanda,,,,,,,,,,,,,,,,,,,,,48.5,,,,,52.0,,,,,47.2,,,45.1,,,43.7,,,,,,,39.4
RUS,Russian Federation,,,,,,,,,,,,,,45.4,,,46.1,38.4,38.1,37.4,37.1,36.9,37.3,40.0,40.3,41.3,41.0,42.3,41.6,39.8,39.5,39.7,40.7,40.9,36.9,36.5,36.7,35.5,35.3,35.7,33.7,35.1,33.9,33.0
ROU,Romania,,,,,,,,,,23.3,,,25.5,,28.2,31.2,,30.5,31.1,29.4,29.3,29.4,30.2,29.9,30.0,29.8,39.6,37.5,36.4,35.6,35.5,35.9,36.5,36.9,36.0,35.9,34.4,36.0,35.8,34.8,34.6,33.9,32.3,29.8
QAT,Qatar,,,,,,,,,,,,,,,,,,,,,,,,,,,,,,,,,,,,,,35.1,,,,,,
PRI,Puerto Rico (US),,,,,,,,,,,,,,,,,,,,,,,,,,,,,,,,,,,,,,,,,,,,
PRT,Portugal,,,,,,,,,,,,,,,,,,,,,,,,38.8,38.9,38.5,38.1,36.8,36.6,34.9,35.8,36.3,36.0,36.2,35.6,35.5,35.2,33.8,33.5,32.8,34.7,34.6,36.3,33.9
POL,Poland,,,,,,25.1,28.0,25.5,,26.8,,,29.3,26.7,,34.6,32.6,,32.3,32.3,33.0,32.8,34.1,34.9,38.0,35.8,34.7,34.0,33.5,33.4,33.2,33.2,33.0,33.1,32.8,31.8,31.2,29.7,30.2,28.8,28.5,28.5,28.9,28.5
PHL,Philippines,,,,,,41.0,,,40.7,,,43.8,,,42.9,,,46.0,,,47.7,,,46.6,,,47.2,,,46.3,,,46.5,,,44.6,,,42.3,,,40.7,,39.3
PER,Peru,,,,,,45.6,,,,,,,,,44.0,,,53.3,55.1,54.8,49.1,51.3,53.6,53.1,49.9,50.4,50.3,50.0,47.5,47.0,45.5,44.7,44.4,43.9,43.1,43.4,43.6,43.3,42.4,41.5,43.7,40.1,40.3,40.7
PRY,Paraguay,,,,,,,,,,,40.8,,,,,58.1,,54.9,,54.6,,54.6,57.3,54.9,52.3,51.4,53.0,53.0,50.7,49.1,51.0,52.3,47.6,47.9,50.7,47.6,47.9,48.5,46.0,45.7,43.5,42.9,44.6,44.2
PNG,Papua New Guinea,,,,,,,,,,,,,,,,,45.8,,,,,,,,,,,,,41.9,,,,,,,,,,,,,,
PAN,Panama,,,,,,,,,,58.5,,58.0,,,,57.6,,58.1,57.3,56.3,56.6,56.7,56.1,55.6,54.8,53.8,54.6,52.7,52.7,51.8,51.6,51.3,51.7,51.5,50.5,50.8,50.4,49.9,49.2,49.8,,50.9,,48.9
PLW,Palau,,,,,,,,,,,,,,,,,,,,,,,,,,,,,,,,,,,,,,,,,,,,
PAK,Pakistan,,,,,,,,33.3,,,33.2,,,,,,28.7,,33.1,,,28.7,,,30.9,31.3,,29.7,,,28.8,29.7,,29.5,,31.3,,,29.6,,,,,
OMN,Oman,,,,,,,,,,,,,,,,,,,,,,,,,,,,,,,,,,,,,,,,,,,,
NOR,Norway,,,,,,,24.6,,,,,25.2,,,,26.0,,,,,27.4,,,27.6,31.6,30.6,26.4,27.1,27.0,26.2,25.7,25.3,25.7,26.4,26.8,27.5,28.5,27.0,27.6,27.7,28.4,29.1,26.9,26.5
MNP,Northern Mariana Islands,,,,,,,,,,,,,,,,,,,,,,,,,,,,,,,,,,,,,,,,,,,,
MKD,North Macedonia,,,,,,,,,,,,,,,,,,,28.1,,34.3,,38.5,38.7,38.4,39.3,42.6,,46.1,42.8,40.1,39.4,38.1,36.2,35.2,35.6,34.5,34.2,33.0,33.5,,,,
NGA,Nigeria,,,,,,38.7,,,,,,,44.9,,,,51.9,,,,,,,40.1,,,,,,,35.7,,35.5,,,35.9,,,35.1,,,,33.9,
NER,Niger,,,,,,,,,,,,,36.0,,41.5,,,,,,,,,,,44.4,,37.3,,,,31.5,,,34.3,,,,37.3,,,32.9,,
NIC,Nicaragua,,,,,,,,,,,,,,57.1,,,,,54.4,,,52.9,,,,48.8,,,,43.9,,,,,46.2,,,,,,,,,
NZL,New Zealand,,,,,,,,,,,,,,,,,,,,,,,,,,,,,,,,,,,,,,,,,,,,
NCL,New Caledonia,,,,,,,,,,,,,,,,,,,,,,,,,,,,,,,,,,,,,,,,,,,,
NLD,Netherlands,,,,28.4,,,,26.8,,,31.1,,,30.4,,,,,,28.1,,,,,29.8,29.0,30.0,29.6,29.3,27.9,27.8,27.8,27.6,28.1,28.6,28.2,28.2,28.5,28.1,29.2,26.0,25.7,,
NPL,Nepal,,,,,30.1,,,,,,,,,,,35.2,,,,,,,,43.8,,,,,,,32.8,,,,,,,,,,,,30.0,
NRU,Nauru,,,,,,,,,,,,,,,,,,,,,,,,,,,,,,,,,32.4,,,,,,,,,,,
NAM,Namibia,,,,,,,,,,,,,,71.1,,,,,,,,,,63.3,,,,,,61.0,,,,,,59.1,,,,,,,,
MMR,Myanmar,,,,,,,,,,,,,,,,,,,,,,,,,,,,,,,,,,,,38.1,,30.7,,,,,,
MOZ,Mozambique,,,,,,,,,,,,,,,,,53.3,,,,,,46.9,,,,,,45.5,,,,,,54.0,,,,,50.7,,,49.6,
MAR,Morocco,,,,,36.5,,,,,,39.2,,,,,,,,39.4,,40.6,,,,,,40.7,,,,,,,39.5,,,,,,,,,,
MNE,Montenegro,,,,,,,,,,,,,,,,,,,,,,,,,,30.2,30.0,31.4,30.5,31.0,28.9,30.8,41.2,39.0,38.8,39.0,38.5,36.9,36.8,35.7,35.4,34.3,,
MNG,Mongolia,,,,,,,,,,,,,,,,33.2,,,30.3,,,,32.9,,,,,35.8,,,33.1,33.9,33.8,,32.0,,32.3,,32.7,,,,31.4,
MCO,Monaco,,,,,,,,,,,,,,,,,,,,,,,,,,,,,,,,,,,,,,,,,,,,
MDA,Moldova,,,,,,,,,,,,,,,,,,36.9,39.5,42.6,36.4,38.0,35.8,34.9,35.0,36.3,35.4,34.4,34.7,32.9,32.1,30.6,29.2,28.5,26.8,27.0,26.3,25.9,25.7,26.0,25.0,25.7,25.9,26.8
FSM,"Micronesia, Fed. Sts.",,,,,,,,,,,,,,,,,,,,,,,,,,42.4,,,,,,,,40.1,,,,,,,,,,
MEX,Mexico,,,,,48.5,,,,,50.1,,,52.3,,53.4,,52.0,,53.3,,53.4,,50.6,,50.3,50.9,49.7,,50.8,,47.7,,49.6,,48.9,,46.9,,46.0,,44.6,,43.5,
MUS,Mauritius,,,,,,,,,,,,,,,,,,,,,,,,,,,35.7,,,,,,38.5,,,,,36.8,,,,,,
MRT,Mauritania,,,,,,,,43.9,,,,,,49.5,,37.7,,,,,39.0,,,,40.2,,,,35.7,,,,,,32.6,,,,,32.0,,,,
MHL,Marshall Islands,,,,,,,,,,,,,,,,,,,,,,,,,,,,,,,,,,,,,,,,35.5,,,,
MLT,Malta,,,,,,,,,,,,,,,,,,,,,,,,,,,28.0,29.2,29.0,30.2,29.0,29.1,29.4,28.8,29.0,29.4,29.1,29.2,28.7,31.0,31.4,31.6,34.6,
MLI,Mali,,,,,,,,,,,,,,,50.1,,,,,,,39.9,,,,,38.9,,,33.0,,,,,,,,,36.0,,,35.7,,
MDV,Maldives,,,,,,,,,,,,,,,,,,,,,,,41.3,,,,,,,38.4,,,,,,,31.3,,,29.3,,,,
MYS,Malaysia,,,,,48.5,,,47.0,,46.2,,,47.7,,,48.5,,49.1,,,,,,46.4,,,44.8,,45.5,,,43.9,,41.3,,41.1,,,41.2,,,40.7,,
MWI,Malawi,,,,,,,,,,,,,,,,,,65.8,,,,,,,39.9,,,,,,45.5,,,,,,44.7,,,38.5,,,,
MDG,Madagascar,46.8,,,,,,,,,,,,,45.2,,,,39.4,,38.6,,47.4,,,,39.9,,,,,42.4,,42.6,,,,,,,,,36.8,,
MAC,"Macao SAR, China",,,,,,,,,,,,,,,,,,,,,,,,,,,,,,,,,,,,,,,,,,,,
LUX,Luxembourg,,,,,,26.3,28.1,29.5,28.8,30.8,27.7,27.2,27.3,27.0,28.1,28.3,29.0,29.6,30.6,30.0,30.1,30.9,31.1,30.2,30.2,30.8,30.9,31.1,32.6,31.2,30.5,32.1,34.3,32.0,31.2,32.9,31.7,34.5,35.4,34.2,33.4,32.7,34.1,33.6
LTU,Lithuania,,,,,,,,,,,,,,33.2,,,32.3,,32.1,32.0,31.7,32.0,31.9,35.5,37.0,35.3,34.4,34.8,35.7,37.2,33.6,32.5,35.1,35.3,37.7,37.4,38.4,37.3,35.7,35.3,36.0,36.7,36.6,36.0
LIE,Liechtenstein,,,,,,,,,,,,,,,,,,,,,,,,,,,,,,,,,,,,,,,,,,,,
LBY,Libya,,,,,,,,,,,,,,,,,,,,,,,,,,,,,,,,,,,,,,,,,,,,
LBR,Liberia,,,,,,,,,,,,,,,,,,,,,,,,,,,,36.4,,,,,,,33.2,,35.3,,,,,,,
LSO,Lesotho,,,,,,,56.0,,,,,,,,63.0,,,,,,,,51.2,,,,,,,,,,,,,,,44.9,,,,,,
LBN,Lebanon,,,,,,,,,,,,,,,,,,,,,,,,,,,,,,,,31.8,,,,,,,,,,,35.3,
LVA,Latvia,,,,,,,,,,,,,,27.0,,31.0,31.6,34.4,33.3,,,,35.1,36.5,36.4,39.0,35.6,37.5,37.2,35.9,35.0,35.8,35.2,35.5,35.1,34.2,34.3,35.6,35.1,34.5,35.7,34.3,33.7,34.0
LAO,Lao PDR,,,,,,,,,,,,,34.3,,,,,34.9,,,,,32.6,,,,,35.4,,,,,36.0,,,,,,38.8,,,,,
KGZ,Kyrgyz Republic,,,,,,,,,,,,,,,,,,,46.3,,31.0,30.2,30.3,28.7,34.8,32.6,37.4,33.9,31.5,29.9,30.1,27.8,27.4,28.8,26.8,29.0,26.8,27.3,27.7,29.7,29.0,28.8,26.4,27.2
KWT,Kuwait,,,,,,,,,,,,,,,,,,,,,,,,,,,,,,,,,,,,,,,,,,,,
XKX,Kosovo,,,,,,,,,,,,,,,,,,,,,,,,29.0,,31.2,30.3,,,31.8,33.3,27.8,29.0,26.3,27.3,26.5,26.7,44.2,44.6,40.2,57.4,49.4,38.3,
KOR,"Korea, Rep.",,,,,,,,,,,,,,,,,,,,,,,,,,,31.7,,32.3,,32.0,,31.6,,31.2,,35.2,34.9,33.7,33.2,32.7,32.9,,
PRK,"Korea, Dem. People's Rep.",,,,,,,,,,,,,,,,,,,,,,,,,,,,,,,,,,,,,,,,,,,,
KIR,Kiribati,,,,,,,,,,,,,,,,,,,,,,,,,,,37.0,,,,,,,,,,,,,27.8,,,,
KEN,Kenya,,,,,,,,,,,,,56.9,,43.1,,,45.0,,,,,,,,46.4,,,,,,,,,,40.8,,,,,36.2,38.7,37.7,
KAZ,Kazakhstan,,,,,,,,,,,,,,32.7,,,35.4,,,,,36.0,34.8,33.7,31.8,39.8,30.2,30.1,28.5,28.2,28.0,28.0,28.2,27.1,27.0,26.8,27.2,27.5,27.8,28.0,28.7,29.2,,
JOR,Jordan,,,,,,,36.1,,,,,,43.1,,,,,36.4,,,,,37.0,,,,33.9,,32.6,,33.7,,,,,,,,,,,,,
JPN,Japan,,,,,,,,,,,,,,,,,,,,,,,,,,,,,34.6,33.0,31.5,33.0,32.5,31.5,31.3,30.7,31.8,31.8,32.9,33.0,32.3,,,
JAM,Jamaica,,,,,,,,,43.2,,41.1,,,35.7,,,40.4,,,44.1,,,48.3,,45.5,,,,,,,,,,,,,,35.3,,,39.9,,
ITA,Italy,32.9,31.6,29.2,29.8,31.3,,31.2,34.2,,32.1,,31.0,,35.1,,35.2,,,36.7,,35.2,,34.7,34.9,34.3,33.8,33.7,32.9,33.8,33.8,34.7,35.1,35.2,34.9,34.7,35.4,35.2,35.9,35.2,34.6,35.2,34.8,33.7,34.3
ISR,Israel,,,,,,,36.5,,,,,,35.5,,,,,38.1,,,,38.9,39.6,40.7,41.5,42.3,41.6,41.1,41.6,42.6,42.6,41.4,41.3,39.9,39.8,39.7,39.0,38.2,38.6,38.3,37.8,37.9,,
IMN,Isle of Man,,,,,,,,,,,,,,,,,,,,,,,,,,,,,,,,,,,,,,,,,,,,
IRL,Ireland,,,,,,,,35.5,,,,,,,36.9,37.0,35.6,,,,33.0,,32.3,32.9,33.6,33.8,32.7,31.9,30.9,32.7,32.3,32.9,33.2,33.5,31.9,31.8,32.8,31.4,30.6,30.3,29.2,29.4,29.9,29.0
IRQ,Iraq,,,,,,,,,,,,,,,,,,,,,,,,,,,28.6,,,,,,29.5,,,,,,,,,,,29.8
IRN,"Iran, Islamic Rep.",,,,,,,47.4,,,,43.6,,,,43.0,,,,44.1,,,,,,,43.6,44.8,,,42.1,,34.7,34.4,34.0,34.8,35.3,35.9,36.7,37.4,36.5,35.8,35.5,34.8,35.9
IDN,Indonesia,,,,,32.3,,,30.4,,,31.1,,,31.8,,,34.2,,30.9,30.8,30.3,31.2,30.2,29.3,30.4,29.9,31.5,33.2,32.6,33.4,34.6,37.9,37.1,38.9,38.8,38.2,36.9,36.4,36.3,35.4,35.3,35.5,35.5,36.1
IND,India,,,,27.2,,,,27.5,,,,,,26.1,,,,,,,,,,,27.7,,,,,27.8,,28.8,,,,,,,,,,,25.5,
ISL,Iceland,,,,,,,,,,,,,,,,,,,,,,,,26.8,28.0,29.0,30.2,29.5,31.8,28.7,26.2,26.8,26.8,25.4,27.8,26.8,27.2,26.1,26.6,26.8,,,,
HUN,Hungary,,,,,,,,20.9,,25.0,,29.6,,27.9,33.3,,,,26.4,30.2,27.2,26.9,26.8,30.9,29.9,34.7,28.3,27.9,27.5,27.0,29.4,29.2,30.8,31.5,30.9,30.4,30.3,30.6,,,,,,
HKG,"Hong Kong SAR, China",,,,,,,,,,,,,,,,,,,,,,,,,,,,,,,,,,,,,,,,,,,,
HND,Honduras,,,,,,,,,,55.4,55.9,51.8,51.8,53.4,55.0,55.5,55.7,52.7,57.3,55.2,,55.4,55.7,58.1,58.1,59.5,57.5,55.8,55.5,51.3,53.1,52.6,53.4,50.0,49.9,49.2,49.8,49.4,48.9,48.2,,,,46.8
HTI,Haiti,,,,,,,,,,,,,,,,,,,,,,59.0,,,,,,,,,,,41.1,,,,,,,,,,,
GUY,Guyana,,,,,,,,,,,,,39.5,,,,,,45.1,,,,,,,,,,,,,,,,,,,,,,,,,
GNB,Guinea-Bissau,,,,,,,,,,,,55.8,,43.6,,,,,,,,,35.6,,,,,,,,50.6,,,,,,,,34.8,,,33.4,,
GIN,Guinea,,,,,,,,,,,,45.6,,,46.1,,,,,,,,43.0,,,,,39.4,,,,,33.7,,,,,,29.6,,,,,
GTM,Guatemala,,,,,,,54.1,,,58.8,,,,,,,,,49.4,,54.2,,,,,,54.5,,,,,,,,48.3,,,,,,,,,45.2
GUM,Guam,,,,,,,,,,,,,,,,,,,,,,,,,,,,,,,,,,,,,,,,,,,,
GRD,Grenada,,,,,,,,,,,,,,,,,,,,,,,,,,,,,,,,,,,,,,,43.8,,,,,
GRL,Greenland,,,,,,,,,,,,,,,,,,,,,,,,,,,,,,,,,,,,,,,,,,,,
GRC,Greece,,,,,,,,,,,,,,,,37.0,,,,,34.4,,35.5,32.8,33.6,34.6,35.1,34.0,33.6,33.6,34.1,34.8,36.3,36.1,35.8,36.0,35.0,34.4,32.9,33.1,33.6,32.9,33.4,33.4
GIB,Gibraltar,,,,,,,,,,,,,,,,,,,,,,,,,,,,,,,,,,,,,,,,,,,,
GHA,Ghana,,,,,,,,35.3,36.0,,,38.4,,,,,,,40.1,,,,,,,42.8,,,,,,,42.4,,,,43.5,,,,,,,
DEU,Germany,,,,,,,,,,,,29.5,29.1,28.6,29.2,28.8,28.0,28.2,28.3,29.0,28.9,29.9,29.8,29.8,30.2,31.7,31.0,31.2,30.8,30.5,30.2,30.6,31.1,31.5,30.8,31.7,31.4,31.3,31.9,31.8,32.4,,,
GEO,Georgia,,,,,,,,,,,,,,,,,37.1,40.7,41.2,40.1,40.5,39.6,37.2,36.6,36.2,37.4,36.9,38.1,38.5,38.2,39.5,39.6,39.0,38.6,37.6,36.5,36.6,37.9,36.4,35.9,34.5,34.2,33.5,34.8
GMB,"Gambia, The",,,,,,,,,,,,,,,,,,,48.3,,,,,47.3,,,,,,,43.6,,,,,35.9,,,,,38.8,,,
GAB,Gabon,,,,,,,,,,,,,,,,,,,,,,,,,,42.2,,,,,,,,,,,,38.0,,,,,,
PYF,French Polynesia,,,,,,,,,,,,,,,,,,,,,,,,,,,,,,,,,,,,,,,,,,,,
FRA,France,,,,,33.4,,,,,,32.1,,,,,,32.0,31.9,31.7,32.5,32.6,32.5,31.8,31.4,30.6,29.8,29.7,32.4,33.0,32.7,33.7,33.3,33.1,32.5,32.3,32.7,31.9,31.6,32.4,31.2,30.7,31.5,31.2,31.8
FIN,Finland,,,,,,,,22.2,,,,22.9,,,,23.5,,,,,27.2,,,27.7,27.9,27.6,28.0,28.3,27.8,27.5,27.7,27.6,27.1,27.2,26.8,27.1,27.1,27.4,27.3,27.7,27.1,27.7,27.9,27.4
FJI,Fiji,,,,,,,,,,,,,,,,,,,,,,,38.1,,,,,,40.4,,,,,36.7,,,,,,30.7,,,,
FRO,Faroe Islands,,,,,,,,,,,,,,,,,,,,,,,,,,,,,,,,,,,,,,,,,,,,
ETH,Ethiopia,,,,,,,,,,,,,,,,44.6,,,,30.0,,,,,29.8,,,,,,33.2,,,,,35.0,,,,,,31.1,,
SWZ,Eswatini,,,,,,,,,,,,,,,58.7,,,,,,53.1,,,,,,,,,51.4,,,,,,,54.6,,,,,,,
EST,Estonia,,,,,,,,,,,,,,39.4,,30.1,,,37.6,,35.8,36.0,35.8,37.2,33.6,33.4,33.7,31.2,31.9,31.4,32.0,32.5,32.9,35.1,34.6,32.7,31.2,30.4,30.3,30.8,30.7,31.8,32.3,30.7
ERI,Eritrea,,,,,,,,,,,,,,,,,,,,,,,,,,,,,,,,,,,,,,,,,,,,
GNQ,Equatorial Guinea,,,,,,,,,,,,,,,,,,,,,,,,,,,,,,,,,,,,,,,,,,,38.5,
SLV,El Salvador,,,,,,,,,,48.7,,53.8,,,,49.8,51.0,,54.4,52.1,51.5,51.3,51.9,50.4,47.8,48.5,45.7,45.2,46.9,45.8,43.5,42.3,41.8,43.4,41.6,40.6,40.0,38.0,38.6,38.8,,39.0,38.8,39.8
EGY,"Egypt, Arab Rep.",,,,,,,,,,,32.0,,,,,30.1,,,,30.8,,,,,31.8,,,,31.1,,30.2,,28.3,,,31.8,,31.5,,31.9,,28.5,,
ECU,Ecuador,,,,,,,,50.5,,,,,,,53.3,50.8,,,49.6,58.6,56.3,,,53.5,53.9,53.1,52.3,53.4,49.8,48.5,48.8,45.9,46.1,46.9,45.0,46.0,45.0,44.7,45.4,45.7,47.3,45.8,45.5,44.6
DOM,Dominican Republic,,,,,,,47.8,,,50.4,,,51.1,,,,47.4,48.9,,,51.5,50.0,49.7,52.1,52.1,50.0,52.0,48.9,48.1,48.9,47.3,47.7,46.1,47.7,44.3,45.2,45.7,42.2,43.7,41.9,39.6,38.5,37.0,38.4
DMA,Dominica,,,,,,,,,,,,,,,,,,,,,,,,,,,,,,,,,,,,,,,,,,,,
DJI,Djibouti,,,,,,,,,,,,,,,,,,,,,,,40.0,,,,,,,,,,45.1,44.1,,,,41.6,,,,,,
DNK,Denmark,,,,,,,,26.2,,,,,24.7,,,23.0,,,,,23.8,,,25.6,24.9,25.2,25.9,26.2,25.2,26.7,27.2,27.3,27.8,28.5,28.4,28.2,28.2,28.7,28.2,27.7,27.5,28.3,29.3,29.9
CZE,Czechia,,,,,,,,,,,,,20.7,26.6,,,25.8,,,,,,26.6,,27.5,26.9,26.7,26.0,26.3,26.2,26.6,26.4,26.1,26.5,25.9,25.9,25.4,24.9,25.0,25.3,26.2,26.2,25.9,25.7
CYP,Cyprus,,,,,,,,,,,,,,,,,,,,,,,,,30.1,30.3,31.1,31.1,31.7,32.1,31.5,32.6,34.3,37.0,35.6,34.0,32.9,31.4,32.7,31.2,31.7,31.3,31.5,31.8
CUW,Curacao,,,,,,,,,,,,,,,,,,,,,,,,,,,,,,,,,,,,,,,,,,,,
CUB,Cuba,,,,,,,,,,,,,,,,,,,,,,,,,,,,,,,,,,,,,,,,,,,,
HRV,Croatia,,,,,,,,,22.8,,,,,,,,,,28.7,27.6,31.3,31.1,,,29.7,,,,33.7,32.6,32.4,32.3,32.5,32.0,32.1,31.1,30.9,30.4,29.7,28.9,29.5,28.9,30.0,30.1
CIV,Cote d'Ivoire,,,,,,45.5,38.0,40.5,36.9,,,,39.4,,,40.6,,,39.0,,,,41.3,,,,,,43.2,,,,,,,41.5,,,37.2,,,35.3,,
CRI,Costa Rica,,47.5,,,,,34.4,,,45.5,45.2,46.6,45.6,45.9,46.7,45.7,46.5,45.6,45.6,47.6,47.4,51.5,51.8,49.3,48.4,47.5,49.3,49.3,48.6,50.6,48.0,48.8,48.4,49.2,48.6,48.4,48.7,48.3,48.0,48.2,49.2,48.7,47.2,46.7
COG,"Congo, Rep.",,,,,,,,,,,,,,,,,,,,,,,,,,47.3,,,,,,48.9,,,,,,,,,,,,
COD,"Congo, Dem. Rep.",,,,,,,,,,,,,,,,,,,,,,,,,41.6,,,,,,,,42.1,,,,,,,,44.7,,,
COM,Comoros,,,,,,,,,,,,,,,,,,,,,,,,,55.9,,,,,,,,,,45.3,,,,,,,,,
COL,Colombia,55.1,,,,,,,,53.1,52.8,,51.3,51.3,,,,56.8,,,58.5,58.4,57.3,56.0,53.6,55.0,53.9,,,55.3,54.3,54.6,53.5,52.6,52.6,52.5,51.0,50.6,49.7,50.4,51.3,53.5,55.1,54.8,53.9
CHN,China,,28.2,,,27.1,,,29.4,,,32.2,,,33.9,,,35.2,,,38.7,,,42.0,,,40.9,,,43.0,,43.7,42.4,42.2,39.7,39.2,38.6,38.5,39.1,38.5,38.2,37.1,35.7,36.0,
CHL,Chile,,,,,,,,56.2,,,57.2,,54.8,,56.4,,54.9,,55.5,,52.8,,,51.5,,,47.7,,,47.4,,46.9,,46.8,,45.3,,45.3,,,47.0,,43.0,
CHI,Channel Islands,,,,,,,,,,,,,,,,,,,,,,,,,,,,,,,,,,,,,,,,,,,,
TCD,Chad,,,,,,,,,,,,,,,,,,,,,,,,39.8,,,,,,,,43.3,,,,,,,37.5,,,,37.4,
CAF,Central African Republic,,,,,,,,,,,,,59.7,,,,,,,,,,,,,,,,56.2,,,,,,,,,,,,,43.0,,
CYM,Cayman Islands,,,,,,,,,,,,,,,,,,,,,,,,,,,,,,,,,,,,,,,,,,,,
CAN,Canada,,33.0,32.9,,33.5,33.2,31.7,31.7,31.2,31.0,31.4,31.9,31.6,31.7,31.3,31.5,32.8,33.1,33.2,33.1,33.4,33.6,33.6,33.8,33.8,33.6,34.1,33.8,33.9,34.0,33.6,32.7,33.5,33.8,33.2,33.7,32.7,33.3,32.5,31.7,29.9,31.1,,
CMR,Cameroon,,,,,,,,,,,,,,,,,44.4,,,,,42.1,,,,,,42.8,,,,,,,46.6,,,,,,,42.2,,
KHM,Cambodia,,,,,,,,,,,,,,,,,,,,,,,,,,,,,,,,,,,,,,,,,,,,
CPV,Cabo Verde,,,,,,,,,,,,,,,,,,,,,,52.5,,,,,,47.2,,,,,,,,42.4,,,,,,,,
BDI,Burundi,,,,,,,,,,,,,33.3,,,,,,42.1,,,,,,,,33.4,,,,,,,38.6,,,,,,,37.5,,,
BFA,Burkina Faso,,,,,,,,,,,,,,,48.0,,,,49.9,,,,,43.3,,,,,,39.8,,,,,35.3,,,,43.0,,,37.4,,
BGR,Bulgaria,,,,,,,,,,23.4,,,30.7,,24.3,32.8,,26.4,,,,32.7,,28.9,,,35.7,36.1,33.6,33.8,35.7,34.3,36.0,36.6,37.4,38.6,40.6,40.4,41.3,40.3,40.5,39.0,38.2,39.5
BRN,Brunei Darussalam,,,,,,,,,,,,,,,,,,,,,,,,,,,,,,,,,,,,,,,,,,,,
VGB,British Virgin Islands,,,,,,,,,,,,,,,,,,,,,,,,,,,,,,,,,,,,,,,,,,,,
BRA,Brazil,,57.9,58.4,58.9,58.3,55.5,58.4,59.6,61.4,63.2,60.5,,53.1,60.1,,59.5,59.8,59.8,59.6,59.0,,58.4,58.1,57.6,56.5,56.3,55.6,54.9,54.0,53.7,,52.9,53.4,52.7,52.0,51.9,53.4,53.3,53.9,53.5,48.9,52.9,52.0,51.6
BWA,Botswana,,,,,,54.2,,,,,,,,60.1,,,,,,,,,61.5,,,,,,,56.9,,,,,,54.9,,,,,,,,
BIH,Bosnia and Herzegovina,,,,,,,,,,,,,,,,,,,,,,30.0,,,34.0,,,33.1,,,,33.0,,,,,,,,,,,,
BOL,Bolivia,,,,,,,,,,,42.0,,49.1,,,,,58.1,,58.0,61.6,57.4,59.3,,55.0,58.5,56.7,54.5,50.8,49.2,,46.1,46.6,47.6,47.8,46.7,45.2,44.6,42.6,41.6,43.6,40.9,41.2,42.1
BTN,Bhutan,,,,,,,,,,,,,,,,,,,,,,,,40.9,,,,38.1,,,,,38.8,,,,,37.4,,,,,28.5,
BMU,Bermuda,,,,,,,,,,,,,,,,,,,,,,,,,,,,,,,,,,,,,,,,,,,,
BEN,Benin,,,,,,,,,,,,,,,,,,,,,,,,38.6,,,,,,,,43.4,,,,47.6,,,37.9,,,34.4,,
BLZ,Belize,,,,,,,,,,,,,,60.2,60.9,57.5,56.6,60.4,54.9,53.2,,,,,,,,,,,,,,,,,,,39.9,,,,,
BEL,Belgium,,,,,,25.2,,,25.7,,,,24.9,,,28.4,,26.8,,,33.1,,,28.1,30.5,29.3,28.1,29.2,28.4,28.6,28.4,28.1,27.5,27.7,28.1,27.7,27.6,27.4,27.2,27.2,26.0,26.6,26.4,26.8
BLR,Belarus,,,,,,,,,,,,,,21.6,,28.7,,,32.0,31.7,31.2,30.6,30.3,28.8,26.5,27.6,28.3,29.6,27.8,27.7,28.6,27.2,26.5,26.6,27.2,25.6,25.3,25.4,25.2,25.3,24.4,,,
BRB,Barbados,,,,,,,,,,,,,,,,,,,,,,,,,,,,,,,,,,,,,34.1,,,,,,,
BGD,Bangladesh,,,,25.9,,26.9,,,28.8,,,27.6,,,,32.9,,,,,33.4,,,,,33.2,,,,,32.1,,,,,,32.4,,,,,,30.9,
BHR,Bahrain,,,,,,,,,,,,,,,,,,,,,,,,,,,,,,,,,,,,,,,,,,,,
BHS,"Bahamas, The",,,,,,,,,,,,,,,,,,,,,,,,,,,,,,,,,,,,,,,,,,,,
AZE,Azerbaijan,,,,,,,,,,,,,,,,34.6,,,,,,36.5,25.3,26.8,26.6,26.6,,,,,,,,,,,,,,,,,,
AUT,Austria,,,,,,,,,,,,,,,30.8,29.9,29.3,29.1,31.3,29.7,29.0,,,29.5,29.8,28.7,29.6,30.6,30.4,31.5,30.3,30.8,30.5,30.8,30.5,30.5,30.8,29.7,30.8,30.2,29.8,30.7,30.9,31.2
AUS,Australia,,31.3,,,,32.5,,,,33.2,,,,,,32.6,,,,,,33.5,,33.5,33.1,,,,35.4,,34.7,,,,34.4,,33.7,,34.3,,33.8,,,
ABW,Aruba,,,,,,,,,,,,,,,,,,,,,,,,,,,,,,,,,,,,,,,,,,,,
ARM,Armenia,,,,,,,,,,,,,,,,,44.4,,,36.2,,35.4,34.8,33.0,37.5,36.0,29.7,31.2,29.2,28.0,30.0,29.4,29.6,30.6,31.5,32.4,32.5,33.6,34.4,30.0,25.1,27.9,27.9,27.2
ARG,Argentina,40.8,,,,,,42.8,45.3,,,,46.8,45.5,44.8,45.9,48.9,49.5,49.1,50.7,49.8,51.0,53.3,53.8,51.0,48.5,47.8,46.4,46.3,45.0,43.8,43.7,42.7,41.4,41.1,41.8,,42.3,41.4,41.7,43.3,42.7,42.4,40.7,42.4
ATG,Antigua and Barbuda,,,,,,,,,,,,,,,,,,,,,,,,,,,,,,,,,,,,,,,,,,,,
AGO,Angola,,,,,,,,,,,,,,,,,,,,,51.9,,,,,,,,42.7,,,,,,,,,,51.3,,,,,
AND,Andorra,,,,,,,,,,,,,,,,,,,,,,,,,,,,,,,,,,,,,,,,,,,,
ASM,American Samoa,,,,,,,,,,,,,,,,,,,,,,,,,,,,,,,,,,,,,,,,,,,,
DZA,Algeria,,,,,,,,,37.4,,,,,,,35.3,,,,,,,,,,,,,,,,27.6,,,,,,,,,,,,
ALB,Albania,,,,,,,,,,,,,,,,,27.0,,,,,,31.7,,,30.6,,,30.0,,,,29.0,,34.6,32.8,33.7,33.1,30.1,30.1,29.4,,,
AFG,Afghanistan,,,,,,,,,,,,,,,,,,,,,,,,,,,,,,,,,,,,,,,,,,,,
WLD,World,,,,,,,,,,,,,,,,,,,,,,,,,,,,,,,,,,,,,,,,,,,,
UMC,Upper middle income,,,,,,,,,,,,,,,,,,,,,,,,,,,,,,,,,,,,,,,,,,,,
TSS,Sub-Saharan Africa (IDA & IBRD countries),,,,,,,,,,,,,,,,,,,,,,,,,,,,,,,,,,,,,,,,,,,,
SSA,Sub-Saharan Africa (excluding high income),,,,,,,,,,,,,,,,,,,,,,,,,,,,,,,,,,,,,,,,,,,,
SSF,Sub-Saharan Africa,,,,,,,,,,,,,,,,,,,,,,,,,,,,,,,,,,,,,,,,,,,,
TSA,South Asia (IDA & IBRD),,,,,,,,,,,,,,,,,,,,,,,,,,,,,,,,,,,,,,,,,,,,
SAS,South Asia,,,,,,,,,,,,,,,,,,,,,,,,,,,,,,,,,,,,,,,,,,,,
SST,Small states,,,,,,,,,,,,,,,,,,,,,,,,,,,,,,,,,,,,,,,,,,,,
PRE,Pre-demographic dividend,,,,,,,,,,,,,,,,,,,,,,,,,,,,,,,,,,,,,,,,,,,,
PST,Post-demographic dividend,,,,,,,,,,,,,,,,,,,,,,,,,,,,,,,,,,,,,,,,,,,,
PSS,Pacific island small states,,,,,,,,,,,,,,,,,,,,,,,,,,,,,,,,,,,,,,,,,,,,
OSS,Other small states,,,,,,,,,,,,,,,,,,,,,,,,,,,,,,,,,,,,,,,,,,,,
OED,OECD members,,,,,,,,,,,,,,,,,,,,,,,,,,,,,,,,,,,,,,,,,,,,
INX,Not classified,,,,,,,,,,,,,,,,,,,,,,,,,,,,,,,,,,,,,,,,,,,,
NAC,North America,,,,,,,,,,,,,,,,,,,,,,,,,,,,,,,,,,,,,,,,,,,,
MIC,Middle income,,,,,,,,,,,,,,,,,,,,,,,,,,,,,,,,,,,,,,,,,,,,
TMN,"Middle East, North Africa, Afghanistan & Pakistan (IDA & IBRD)",,,,,,,,,,,,,,,,,,,,,,,,,,,,,,,,,,,,,,,,,,,,
MNA,"Middle East, North Africa, Afghanistan & Pakistan (excluding high income)",,,,,,,,,,,,,,,,,,,,,,,,,,,,,,,,,,,,,,,,,,,,
MEA,"Middle East, North Africa, Afghanistan & Pakistan",,,,,,,,,,,,,,,,,,,,,,,,,,,,,,,,,,,,,,,,,,,,
LMC,Lower middle income,,,,,,,,,,,,,,,,,,,,,,,,,,,,,,,,,,,,,,,,,,,,
LIC,Low income,,,,,,,,,,,,,,,,,,,,,,,,,,,,,,,,,,,,,,,,,,,,
LMY,Low & middle income,,,,,,,,,,,,,,,,,,,,,,,,,,,,,,,,,,,,,,,,,,,,
LDC,Least developed countries: UN classification,,,,,,,,,,,,,,,,,,,,,,,,,,,,,,,,,,,,,,,,,,,,
TLA,Latin America & the Caribbean (IDA & IBRD countries),,,,,,,,,,,,,,,,,,,,,,,,,,,,,,,,,,,,,,,,,,,,
LAC,Latin America & Caribbean (excluding high income),,,,,,,,,,,,,,,,,,,,,,,,,,,,,,,,,,,,,,,,,,,,
LCN,Latin America & Caribbean,,,,,,,,,,,,,,,,,,,,,,,,,,,,,,,,,,,,,,,,,,,,
LTE,Late-demographic dividend,,,,,,,,,,,,,,,,,,,,,,,,,,,,,,,,,,,,,,,,,,,,
IDA,IDA total,,,,,,,,,,,,,,,,,,,,,,,,,,,,,,,,,,,,,,,,,,,,
IDX,IDA only,,,,,,,,,,,,,,,,,,,,,,,,,,,,,,,,,,,,,,,,,,,,
IDB,IDA blend,,,,,,,,,,,,,,,,,,,,,,,,,,,,,,,,,,,,,,,,,,,,
IBT,IDA & IBRD total,,,,,,,,,,,,,,,,,,,,,,,,,,,,,,,,,,,,,,,,,,,,
IBD,IBRD only,,,,,,,,,,,,,,,,,,,,,,,,,,,,,,,,,,,,,,,,,,,,
HIC,High income,,,,,,,,,,,,,,,,,,,,,,,,,,,,,,,,,,,,,,,,,,,,
HPC,Heavily indebted poor countries (HIPC),,,,,,,,,,,,,,,,,,,,,,,,,,,,,,,,,,,,,,,,,,,,
FCS,Fragile and conflict affected situations,,,,,,,,,,,,,,,,,,,,,,,,,,,,,,,,,,,,,,,,,,,,
EUU,European Union,,,,,,,,,,,,,,,,,,,,,,,,,,,,,,,,,,,,,,,,,,,,
TEC,Europe & Central Asia (IDA & IBRD countries),,,,,,,,,,,,,,,,,,,,,,,,,,,,,,,,,,,,,,,,,,,,
ECA,Europe & Central Asia (excluding high income),,,,,,,,,,,,,,,,,,,,,,,,,,,,,,,,,,,,,,,,,,,,
ECS,Europe & Central Asia,,,,,,,,,,,,,,,,,,,,,,,,,,,,,,,,,,,,,,,,,,,,
EMU,Euro area,,,,,,,,,,,,,,,,,,,,,,,,,,,,,,,,,,,,,,,,,,,,
TEA,East Asia & Pacific (IDA & IBRD countries),,,,,,,,,,,,,,,,,,,,,,,,,,,,,,,,,,,,,,,,,,,,
EAP,East Asia & Pacific (excluding high income),,,,,,,,,,,,,,,,,,,,,,,,,,,,,,,,,,,,,,,,,,,,
EAS,East Asia & Pacific,,,,,,,,,,,,,,,,,,,,,,,,,,,,,,,,,,,,,,,,,,,,
EAR,Early-demographic dividend,,,,,,,,,,,,,,,,,,,,,,,,,,,,,,,,,,,,,,,,,,,,
CEB,Central Europe and the Baltics,,,,,,,,,,,,,,,,,,,,,,,,,,,,,,,,,,,,,,,,,,,,
CSS,Caribbean small states,,,,,,,,,,,,,,,,,,,,,,,,,,,,,,,,,,,,,,,,,,,,
ARB,Arab World,,,,,,,,,,,,,,,,,,,,,,,,,,,,,,,,,,,,,,,,,,,,
AFW,Africa Western and Central,,,,,,,,,,,,,,,,,,,,,,,,,,,,,,,,,,,,,,,,,,,,
AFE,Africa Eastern and Southern,,,,,,,,,,,,,,,,,,,,,,,,,,,,,,,,,,,,,,,,,,,,
