economy,Country,YR1990,YR1991,YR1992,YR1993,YR1994,YR1995,YR1996,YR1997,YR1998,YR1999,YR2000,YR2001,YR2002,YR2003,YR2004,YR2005,YR2006,YR2007,YR2008,YR2009,YR2010,YR2011,YR2012,YR2013,YR2014,YR2015,YR2016,YR2017,YR2018,YR2019,YR2020,YR2021,YR2022,YR2023
ZWE,Zimbabwe,,,,,,,,,,,,,,,,,,,,,,35.7,,,,,,44.7,,49.2,,,,
ZMB,Zambia,,63.0,,67.1,,,56.1,,56.6,,,,68.0,,68.9,,72.0,,,,71.4,,,,,67.9,,,,,,,71.7,
YEM,"Yemen, Rep.",,,,,,,,,15.4,,,,,,,21.4,,,,,,,,,33.3,,,,,,,,,
PSE,West Bank and Gaza,,,,,,,,,,,,,,,1.8,1.3,0.5,2.9,,0.6,0.6,0.4,,,,,1.4,,,,,,,2.1
VIR,Virgin Islands (U.S.),,,,,,,,,,,,,,,,,,,,,,,,,,,,,,,,,,
VNM,Viet Nam,,,57.5,,,,,38.1,,,,,43.3,,30.9,,23.7,,17.6,,5.2,,3.7,,3.4,,2.5,,2.2,,1.3,,1.6,
VEN,"Venezuela, RB",,,6.9,,,15.1,,,14.9,16.7,,14.7,22.1,27.1,22.8,18.1,9.7,,,,,,,,,,,,,,,,,
VUT,Vanuatu,,,,,,,,,,,,,,,,,,,,,25.7,,,,,,,,,19.5,,,,
UZB,Uzbekistan,,,,,,,,,79.8,,93.8,,93.1,93.3,,,,,,,,,,,,,,,,,,4.4,4.4,4.1
URY,Uruguay,,,0.9,,,0.8,0.9,0.7,0.9,,0.8,0.7,1.1,1.5,1.7,1.5,1.0,0.7,0.4,0.4,0.3,0.2,0.3,0.3,0.2,0.2,0.1,0.1,0.1,0.1,0.3,0.2,0.2,0.2
USA,United States,0.5,0.5,0.5,0.7,0.7,0.7,0.7,0.7,0.7,0.7,0.7,1.0,1.0,1.0,1.0,1.0,1.0,1.0,1.0,1.0,1.2,1.0,1.0,1.0,1.2,1.2,1.2,1.2,1.0,1.0,0.5,0.5,1.2,1.2
GBR,United Kingdom,0.2,0.2,0.2,0.2,0.2,0.2,0.2,0.2,0.2,0.2,0.2,0.2,0.2,0.2,0.2,0.2,0.2,0.2,0.2,0.2,0.2,0.2,0.5,0.2,0.2,0.2,0.2,0.2,0.5,0.5,0.5,0.5,,
ARE,United Arab Emirates,,,,,,,,,,,,,,,,,,,,,,,,0.0,,,,,0.0,,,,,
UKR,Ukraine,,,8.1,5.1,,14.5,15.2,,,24.8,,,6.3,3.2,2.8,1.1,0.7,0.5,0.1,0.3,0.1,0.1,0.1,0.1,0.0,0.3,0.2,0.1,0.2,0.2,0.0,,,
UGA,Uganda,,,79.9,,,,78.5,,,80.6,,,78.6,,,72.4,,,,63.5,,,56.2,,,,60.1,,,59.8,,,,
TUV,Tuvalu,,,,,,,,,,,,,,,,,,,,,9.0,,,,,,,,,,,,,
TCA,Turks and Caicos Islands,,,,,,,,,,,,,,,,,,,,,,,,,,,,,,,,,,
TKM,Turkmenistan,,,,,,,,,35.1,,,,,,,,,,,,,,,,,,,,,,,,,
TUR,Turkiye,,,,,10.1,,,,,,,,7.6,10.0,6.6,6.5,4.8,4.0,3.3,3.0,2.8,2.0,1.7,1.5,1.0,1.3,0.9,1.1,1.0,1.3,1.1,0.9,0.5,
TUN,Tunisia,16.3,,,,,17.4,,,,,10.5,,,,,5.9,,,,,3.1,,,,,0.7,,,,,,0.7,,
TTO,Trinidad and Tobago,,,3.2,,,,,,,,,,,,,,,,,,,,,,,,,,,,,,,
TON,Tonga,,,,,,,,,,,4.6,,,,,,,,,3.6,,,,,,4.0,,,,,,0.4,,
TGO,Togo,,,,,,,,,,,,,,,,,67.2,,,,,65.2,,,,61.5,,,35.1,,,34.4,,
TLS,Timor-Leste,,,,,,,,,,,,55.7,,,,,,60.1,,,,,,,43.9,,,,,,,,,
THA,Thailand,21.1,,16.2,,9.2,,6.4,,5.7,8.3,8.4,,4.7,,3.1,,2.2,1.3,1.0,0.8,0.7,0.3,0.4,0.2,0.2,0.1,0.1,0.1,0.1,0.1,0.1,0.0,0.0,0.0
TZA,Tanzania,,73.5,,,,,,,,,86.9,,,,,,,61.9,,,,51.5,,,,,,,51.3,,,,,
TJK,Tajikistan,,,,,,,,,,79.4,,,,56.0,37.2,,,24.2,,15.7,,,,,,13.3,,,,,,9.1,8.9,7.3
SYR,Syrian Arab Republic,,,,,,,1.2,,,,,,,0.5,,,0.0,,,0.0,,,,,,,,,,,,,16.5,
CHE,Switzerland,,,0.7,,,,,,,,0.2,,0.0,,0.2,,0.1,0.1,0.1,0.0,0.1,0.0,0.0,0.0,0.0,0.0,0.0,0.0,0.0,0.0,0.1,0.0,0.2,
SWE,Sweden,,,0.2,,,0.5,,,,,0.2,0.2,0.0,0.4,0.5,1.1,0.4,0.5,0.7,0.5,0.6,0.7,0.5,0.7,0.5,0.6,0.4,0.3,0.9,0.4,0.5,0.6,1.3,0.8
SUR,Suriname,,,,,,,,,,20.6,,,,,,,,,,,,,,,,,,,,,,,2.2,
SDN,Sudan,,,,,,,,,,,,,,,,,,,,13.1,,,,,10.1,,,,,,,,,
VCT,St. Vincent and the Grenadines,,,,,,,,,,,,,,,,,,,,,,,,,,,,,,,,,,
MAF,St. Martin (French part),,,,,,,,,,,,,,,,,,,,,,,,,,,,,,,,,,
LCA,St. Lucia,,,,,,41.5,,,,,,,,,,,,,,,,,,,,0.1,,,,,,,,
KNA,St. Kitts and Nevis,,,,,,,,,,,,,,,,,,,,,,,,,,,,,,,,,,
LKA,Sri Lanka,23.4,,,,,23.0,,,,,,,20.7,,,,12.2,,,7.8,,,6.4,,,,3.8,,,2.7,,,,
ESP,Spain,0.5,,,1.5,1.2,1.5,1.5,1.0,1.0,0.7,0.9,,,0.9,1.0,0.9,0.9,0.6,0.6,0.9,0.7,1.3,1.0,1.3,0.9,1.1,1.3,0.8,1.0,0.9,1.1,0.7,0.8,0.8
SSD,South Sudan,,,,,,,,,,,,,,,,,,,,44.9,,,,,,,76.5,,,,,,,
ZAF,South Africa,,,,44.6,,,,,,,47.9,,,,,42.1,,,30.3,,29.5,,,,31.2,,,,,,,,,
SOM,"Somalia, Fed. Rep.",,,,,,,,,,,,,,,,,,,,,,,,,,,,,,,,,,
SLB,Solomon Islands,,,,,,,,,,,,,,,,62.2,,,,,,,40.3,,,,,,,,,,,
SVN,Slovenia,,,,0.0,,,,0.2,0.0,0.2,,,0.1,0.0,0.1,0.1,0.1,0.0,0.0,0.0,0.0,0.0,0.0,0.0,0.0,0.0,0.0,0.0,0.0,0.0,0.0,0.0,0.0,0.0
SVK,Slovak Republic,,,0.0,,,,1.7,,,,,,,,0.2,0.3,0.3,0.6,0.5,0.6,0.6,0.6,0.5,0.4,0.9,0.8,1.5,0.6,0.5,0.2,0.3,0.3,0.7,0.5
SXM,Sint Maarten (Dutch part),,,,,,,,,,,,,,,,,,,,,,,,,,,,,,,,,,
SGP,Singapore,,,,,,,,,,,,,,,,,,,,,,,,,,,,,,,,,,
SLE,Sierra Leone,,,,,,,,,,,,,,72.4,,,,,,,,53.7,,,,,,,41.5,,,,,
SYC,Seychelles,,,,,,,,,,1.8,,,,,,,0.6,,,,,,,1.6,,,,,0.7,,,,,
SRB,Serbia,,,,,,,,,,,,,0.4,0.9,1.2,1.6,0.9,0.6,0.3,0.6,0.3,,7.1,7.8,8.9,8.4,8.1,6.6,4.2,2.7,2.0,1.7,2.0,
SEN,Senegal,,77.3,,,72.2,,,,,,,63.9,,,,53.6,,,,,,53.3,,,,,,,19.1,,,17.9,,
SAU,Saudi Arabia,,,,,,,,,,,,,,,,,,,,,,,,,,,,,,,,,,
STP,Sao Tome and Principe,,,,,,,,,,,17.3,,,,,,,,,,18.9,,,,,,,13.0,,,,,,
SMR,San Marino,,,,,,,,,,,,,,,,,,,,,,,,,,,,,,,,,,
WSM,Samoa,,,,,,,,,,,,,5.9,,,,,,3.7,,,,,4.5,,,,,,,,,,
RWA,Rwanda,,,,,,,,,,,82.3,,,,,74.2,,,,,70.2,,,65.2,,,63.8,,,,,,,38.6
RUS,Russian Federation,,,,6.2,,,7.1,2.7,4.0,7.2,5.1,3.2,2.0,2.1,1.8,1.4,0.9,0.4,0.2,0.2,0.2,0.1,0.1,0.1,0.4,0.4,0.4,0.4,0.2,0.3,0.1,0.2,0.1,0.1
ROU,Romania,,,0.0,,18.4,3.5,,4.2,3.6,10.9,11.9,9.5,9.1,7.0,5.3,4.2,11.1,8.1,6.0,5.3,6.3,7.1,8.4,8.7,8.9,7.6,5.2,4.9,3.7,3.1,2.4,2.0,1.5,0.7
QAT,Qatar,,,,,,,,,,,,,,,,,,,,,,,,,,,,0.0,,,,,,
PRI,Puerto Rico (US),,,,,,,,,,,,,,,,,,,,,,,,,,,,,,,,,,
PRT,Portugal,,,,,,,,,,,,,,1.1,0.7,0.7,0.2,0.6,0.3,0.2,0.2,0.6,0.9,1.0,0.8,0.7,0.4,0.4,0.4,0.2,0.6,0.3,0.2,0.4
POL,Poland,,,0.2,0.0,,2.5,9.0,,0.2,1.0,0.3,0.4,0.3,0.2,2.8,1.4,0.9,0.6,0.3,0.6,0.6,0.6,0.4,0.6,0.6,0.5,0.4,0.4,0.3,0.1,0.2,0.1,0.3,0.2
PHL,Philippines,,40.6,,,38.8,,,30.7,,,25.9,,,24.3,,,26.1,,,22.0,,,21.3,,,14.6,,,8.3,,,8.1,,5.3
PER,Peru,,,,,25.7,,,26.9,25.7,26.3,25.5,27.4,24.4,22.5,23.5,25.4,21.8,18.9,15.8,13.7,11.2,10.3,9.5,8.6,8.0,8.0,7.5,7.3,6.1,5.4,10.3,5.2,4.8,5.9
PRY,Paraguay,2.5,,,,,18.3,,14.9,,15.0,,13.5,19.6,13.8,10.7,10.1,14.1,12.6,7.9,9.1,9.4,8.9,6.4,4.1,4.3,4.2,4.2,2.4,3.1,2.4,2.6,1.9,3.2,2.4
PNG,Papua New Guinea,,,,,,,62.8,,,,,,,,,,,,,52.2,,,,,,,,,,,,,,
PAN,Panama,,27.1,,,,21.1,,19.9,19.8,17.7,16.3,20.8,17.2,16.8,15.5,14.5,15.7,13.0,9.0,6.6,7.7,6.1,7.4,5.9,6.4,4.8,4.8,4.3,3.7,2.9,,3.3,,3.7
PLW,Palau,,,,,,,,,,,,,,,,,,,,,,,,,,,,,,,,,,
PAK,Pakistan,79.5,,,,,,45.3,,50.3,,,56.2,,,40.9,40.8,,34.9,,,26.7,25.9,,21.2,,16.9,,,16.5,,,,,
OMN,Oman,,,,,,,,,,,,,,,,,,,,,,,,,,,,,,,,,,
NOR,Norway,,0.5,,,,0.5,,,,,0.2,,,0.2,0.3,0.2,0.2,0.2,0.2,0.1,0.2,0.1,0.1,0.2,0.1,0.2,0.3,0.3,0.3,0.2,0.3,0.2,0.3,0.2
MNP,Northern Mariana Islands,,,,,,,,,,,,,,,,,,,,,,,,,,,,,,,,,,
MKD,North Macedonia,,,,,,,,,3.3,,11.7,,3.0,2.8,1.4,3.1,4.6,,1.4,12.1,12.8,10.9,9.1,7.4,6.4,7.0,5.7,5.6,4.3,3.9,,,,
NGA,Nigeria,,,55.2,,,,60.9,,,,,,,51.1,,,,,,,38.5,,37.4,,,35.8,,,34.2,,,,41.8,
NER,Niger,,,88.0,,88.9,,,,,,,,,,,83.8,,82.9,,,,68.8,,,60.3,,,,59.0,,,60.5,,
NIC,Nicaragua,,,,47.1,,,,,34.7,,,26.3,,,,16.5,,,,13.9,,,,,6.6,,,,,,,,,
NZL,New Zealand,,,,,,,,,,,,,,,,,,,,,,,,,,,,,,,,,,
NCL,New Caledonia,,,,,,,,,,,,,,,,,,,,,,,,,,,,,,,,,,
NLD,Netherlands,1.2,,,1.5,,,,,,0.2,,,,,0.3,0.1,0.0,0.0,0.2,0.2,0.0,0.1,0.1,0.1,0.1,0.1,0.1,0.2,0.1,0.1,0.0,0.1,,
NPL,Nepal,,,,,,70.7,,,,,,,,55.7,,,,,,,21.5,,,,,,,,,,,,2.4,
NRU,Nauru,,,,,,,,,,,,,,,,,,,,,,,9.7,,,,,,,,,,,
NAM,Namibia,,,,60.3,,,,,,,,,,47.6,,,,,,38.6,,,,,,22.9,,,,,,,,
MMR,Myanmar,,,,,,,,,,,,,,,,,,,,,,,,,,18.2,,10.3,,,,,,
MOZ,Mozambique,,,,,,,87.7,,,,,,87.6,,,,,,81.1,,,,,,74.4,,,,,81.6,,,81.4,
MAR,Morocco,11.2,,,,,,,,17.5,,16.8,,,,,,9.4,,,,,,,3.7,,,,,,,,,,
MNE,Montenegro,,,,,,,,,,,,,,,,0.4,0.4,0.4,0.3,0.0,0.0,0.4,5.6,5.2,3.9,3.6,3.3,4.6,3.9,2.5,2.2,2.5,,
MNG,Mongolia,,,,,,22.1,,,39.7,,,,18.7,,,,,4.0,,,3.5,2.2,1.1,,0.8,,1.9,,1.7,,,,0.4,
MCO,Monaco,,,,,,,,,,,,,,,,,,,,,,,,,,,,,,,,,,
MDA,Moldova,,,,,,,,19.1,31.9,44.0,41.0,32.2,19.9,10.0,11.6,16.6,3.4,1.6,1.7,1.5,0.8,0.5,0.5,0.1,0.0,0.1,0.2,0.1,0.0,0.0,0.0,0.2,0.0,0.1
FSM,"Micronesia, Fed. Sts.",,,,,,,,,,,,,,,,15.8,,,,,,,,26.1,,,,,,,,,,
MEX,Mexico,,,13.3,,13.6,,21.7,,21.9,,16.3,,12.8,,11.0,11.7,9.0,,10.1,,8.4,,7.3,,7.2,,4.4,,3.9,,4.3,,2.3,
MUS,Mauritius,,,,,,,,,,,,,,,,,1.1,,,,,,1.1,,,,,0.5,,,,,,
MRT,Mauritania,,,,54.1,,31.7,,,,,30.7,,,,28.5,,,,19.2,,,,,,11.7,,,,,10.2,,,,
MHL,Marshall Islands,,,,,,,,,,,,,,,,,,,,,,,,,,,,,,2.1,,,,
MLT,Malta,,,,,,,,,,,,,,,,,0.5,0.5,0.2,0.5,0.3,0.2,0.2,0.0,0.0,0.1,0.1,0.2,0.2,0.3,0.4,0.1,0.1,
MLI,Mali,,,,,89.4,,,,,,,68.6,,,,,64.0,,,63.3,,,,,,,,,29.4,,,36.1,,
MDV,Maldives,,,,,,,,,,,,,18.8,,,,,,,13.1,,,,,,,0.1,,,0.0,,,,
MYS,Malaysia,,,5.0,,,5.2,,1.7,,,,,,3.2,,,1.7,,1.5,,,0.4,,0.1,,0.1,,,0.0,,,0.0,,
MWI,Malawi,,,,,,,,64.6,,,,,,,74.4,,,,,,72.9,,,,,,71.7,,,75.4,,,,
MDG,Madagascar,,,,83.1,,,,80.7,,78.5,,57.5,,,,55.3,,,,,65.3,,67.3,,,,,,,,,69.2,,
MAC,"Macao SAR, China",,,,,,,,,,,,,,,,,,,,,,,,,,,,,,,,,,
LUX,Luxembourg,0.0,0.0,0.0,0.0,0.0,0.0,0.0,0.0,0.0,0.0,0.0,0.0,0.0,0.1,0.0,0.0,0.0,0.0,0.0,0.0,0.0,0.1,0.0,0.1,0.2,0.3,0.1,0.3,0.3,0.1,0.0,0.1,0.1,0.1
LTU,Lithuania,,,,14.3,,,0.2,,1.0,1.3,1.2,1.6,1.4,0.4,4.0,2.7,1.8,1.6,1.8,2.7,2.0,0.9,1.1,1.2,1.7,1.0,1.5,1.2,1.0,0.6,0.5,0.3,0.8,1.1
LIE,Liechtenstein,,,,,,,,,,,,,,,,,,,,,,,,,,,,,,,,,,
LBY,Libya,,,,,,,,,,,,,,,,,,,,,,,,,,,,,,,,,,
LBR,Liberia,,,,,,,,,,,,,,,,,,61.1,,,,,,,31.7,,33.6,,,,,,,
LSO,Lesotho,,,,,59.6,,,,,,,,74.9,,,,,,,,,,,,,,,41.9,,,,,,
LBN,Lebanon,,,,,,,,,,,,,,,,,,,,,,0.1,,,,,,,,,,,5.9,
LVA,Latvia,,,,0.0,,2.2,3.8,3.5,3.3,,,,1.5,1.5,3.7,3.1,1.9,0.8,1.6,2.6,2.6,1.7,1.4,1.5,1.1,1.0,1.0,1.0,0.6,0.3,0.5,0.5,0.4,0.4
LAO,Lao PDR,,,42.1,,,,,62.0,,,,,43.1,,,,,36.0,,,,,21.7,,,,,,15.7,,,,,
KGZ,Kyrgyz Republic,,,,,,,,,43.7,,66.2,61.5,58.1,56.6,32.5,36.6,26.0,23.3,13.8,9.8,12.6,9.3,10.5,13.5,8.1,11.0,8.0,8.2,5.9,4.9,9.4,5.6,4.5,2.7
KWT,Kuwait,,,,,,,,,,,,,,,,,,,,,,,,,,,,,,,,,,
XKX,Kosovo,,,,,,,,,,,,,,11.7,,14.3,13.5,,,10.5,10.6,6.6,3.9,2.2,3.3,2.4,2.0,15.2,20.7,11.3,16.8,25.0,10.0,
KOR,"Korea, Rep.",,,,,,,,,,,,,,,,,0.5,,0.5,,0.5,,0.5,,0.2,,0.2,0.2,0.2,0.2,0.0,0.2,,
PRK,"Korea, Dem. People's Rep.",,,,,,,,,,,,,,,,,,,,,,,,,,,,,,,,,,
KIR,Kiribati,,,,,,,,,,,,,,,,,21.3,,,,,,,,,,,,,6.1,,,,
KEN,Kenya,,,32.0,,32.0,,,32.6,,,,,,,,44.6,,,,,,,,,,37.7,,,,,44.4,46.4,46.9,
KAZ,Kazakhstan,,,,14.6,,,14.6,,,,,20.7,16.2,12.3,7.6,14.6,2.4,1.1,0.8,0.8,0.5,0.2,0.1,0.1,0.1,0.1,0.2,0.1,0.1,0.1,0.0,0.0,,
JOR,Jordan,,,1.1,,,,,0.0,,,,,1.0,,,,0.3,,0.1,,0.1,,,,,,,,,,,,,
JPN,Japan,,,,,,,,,,,,,,,,,,,1.0,0.9,0.7,0.5,1.5,1.0,0.7,0.4,0.7,0.6,1.0,1.2,1.2,,,
JAM,Jamaica,11.6,,,20.5,,,8.3,,,5.7,,,6.4,,4.5,,,,,,,,,,,,,,0.4,,,1.4,,
ITA,Italy,,0.2,,1.4,,0.7,,,1.7,,1.2,,1.7,0.9,0.8,0.8,0.8,0.8,0.9,1.1,1.4,1.3,1.4,1.6,1.4,2.1,1.8,1.5,1.7,1.0,0.9,0.9,0.7,0.9
ISR,Israel,,,0.2,,,,,0.5,,,,0.2,0.7,0.9,1.0,1.0,0.5,0.5,0.7,0.7,0.5,0.3,0.7,0.5,0.7,0.5,0.5,0.7,0.7,1.0,0.7,0.7,,
IMN,Isle of Man,,,,,,,,,,,,,,,,,,,,,,,,,,,,,,,,,,
IRL,Ireland,,,,,0.5,0.5,0.2,,,,0.2,,0.2,0.2,0.1,0.1,0.5,0.1,0.2,0.6,0.7,0.7,0.5,0.7,0.4,0.4,0.3,0.3,0.1,0.1,0.2,0.1,0.2,0.1
IRQ,Iraq,,,,,,,,,,,,,,,,,0.6,,,,,,0.6,,,,,,,,,,,0.5
IRN,"Iran, Islamic Rep.",21.6,,,,15.8,,,,15.2,,,,,,,4.5,4.5,,,4.9,,2.3,1.8,1.9,3.3,3.0,3.0,2.7,3.2,4.3,4.6,3.7,2.8,2.5
IDN,Indonesia,78.6,,,78.0,,,68.1,,82.8,66.2,65.7,62.3,46.8,45.5,45.4,41.1,46.8,41.1,38.0,37.9,34.1,31.2,26.6,27.2,25.7,21.6,18.0,14.8,12.5,10.8,9.8,8.6,7.9,6.7
IND,India,,,,47.5,,,,,,,,,,,46.4,,,,,34.6,,27.1,,,,,,,,,,,5.3,
ISL,Iceland,,,,,,,,,,,,,,0.0,0.2,0.0,0.2,0.1,0.1,0.1,0.1,0.2,0.0,0.1,0.0,0.0,0.0,0.0,0.3,0.1,,,,
HUN,Hungary,,2.2,,0.0,1.9,,,,0.4,0.7,0.1,0.0,0.1,0.2,0.3,1.0,0.2,0.2,0.1,0.1,0.2,0.2,0.5,0.5,1.0,1.0,1.6,0.9,,,,,,
HKG,"Hong Kong SAR, China",,,,,,,,,,,,,,,,,,,,,,,,,,,,,,,,,,
HND,Honduras,51.7,41.3,36.5,31.3,32.9,34.4,38.2,27.5,32.3,32.1,,26.5,29.0,34.0,33.3,31.3,27.3,22.0,20.9,18.1,19.6,20.1,24.0,20.8,20.6,19.9,19.8,19.3,19.8,18.8,,,,17.0
HTI,Haiti,,,,,,,,,,,,75.1,,,,,,,,,,,40.4,,,,,,,,,,,
GUY,Guyana,,,33.3,,,,,,13.0,,,,,,,,,,,,,,,,,,,,,,,,,
GNB,Guinea-Bissau,,50.8,,52.8,,,,,,,,,68.2,,,,,,,,75.7,,,,,,,,37.1,,,39.9,,
GIN,Guinea,,86.4,,,37.5,,,,,,,,50.3,,,,,44.0,,,,,21.3,,,,,,11.7,,,,,
GTM,Guatemala,,,,,,,,,13.4,,8.8,,,,,,10.5,,,,,,,,8.0,,,,,,,,,9.7
GUM,Guam,,,,,,,,,,,,,,,,,,,,,,,,,,,,,,,,,,
GRD,Grenada,,,,,,,,,,,,,,,,,,,,,,,,,,,,,0.8,,,,,
GRL,Greenland,,,,,,,,,,,,,,,,,,,,,,,,,,,,,,,,,,
GRC,Greece,,,,,,2.0,,,,,0.2,,0.2,0.6,0.9,0.4,0.7,0.6,0.4,0.6,1.1,1.5,2.1,1.5,2.0,2.0,1.4,1.1,0.2,1.0,1.1,0.7,0.6,0.6
GIB,Gibraltar,,,,,,,,,,,,,,,,,,,,,,,,,,,,,,,,,,
GHA,Ghana,,80.4,,,,,,,65.3,,,,,,,60.9,,,,,,,41.8,,,,39.0,,,,,,,
DEU,Germany,,0.0,0.2,0.0,0.2,0.2,0.0,0.0,0.0,0.0,0.0,0.0,0.0,0.2,0.0,0.0,0.0,0.0,0.0,0.0,0.0,0.0,0.0,0.0,0.0,0.0,0.0,0.2,0.0,0.2,0.2,,,
GEO,Georgia,,,,,,,12.2,28.2,26.8,32.7,35.0,36.7,22.3,22.3,20.9,22.3,22.5,23.9,21.7,21.1,23.6,21.6,18.8,14.9,12.0,10.6,10.5,11.1,11.0,9.7,12.0,10.8,7.7,5.8
GMB,"Gambia, The",,,,,,,,,78.0,,,,,55.2,,,,,,,34.2,,,,,17.1,,,,,22.0,,,
GAB,Gabon,,,,,,,,,,,,,,,,9.2,,,,,,,,,,,,3.8,,,,,,
PYF,French Polynesia,,,,,,,,,,,,,,,,,,,,,,,,,,,,,,,,,,
FRA,France,0.2,,,,,,0.2,0.2,0.0,0.0,0.0,0.0,0.0,0.2,0.1,0.1,0.0,0.0,0.0,0.1,0.1,0.0,0.1,0.1,0.0,0.1,0.1,0.0,0.0,0.1,0.1,0.1,0.1,0.1
FIN,Finland,,0.0,,,,0.0,,,,,0.0,,,0.0,0.0,0.1,0.1,0.1,0.1,0.1,0.1,0.1,0.1,0.1,0.1,0.1,0.0,0.1,0.1,0.0,0.0,0.0,0.1,0.2
FJI,Fiji,,,,,,,,,,,,,5.4,,,,,,3.8,,,,,1.6,,,,,,4.7,,,,
FRO,Faroe Islands,,,,,,,,,,,,,,,,,,,,,,,,,,,,,,,,,,
ETH,Ethiopia,,,,,,73.5,,,,65.9,,,,,41.3,,,,,,37.4,,,,,33.0,,,,,,38.6,,
SWZ,Eswatini,,,,,89.3,,,,,,65.0,,,,,,,,,58.2,,,,,,,44.5,,,,,,,
EST,Estonia,,,,1.6,,0.7,,,0.0,,3.0,3.0,2.9,3.6,1.6,1.1,1.1,0.6,0.6,0.8,1.0,1.2,1.0,1.1,1.0,0.7,0.6,0.5,0.4,0.7,0.4,0.3,0.5,0.3
ERI,Eritrea,,,,,,,,,,,,,,,,,,,,,,,,,,,,,,,,,,
GNQ,Equatorial Guinea,,,,,,,,,,,,,,,,,,,,,,,,,,,,,,,,,8.8,
SLV,El Salvador,,28.9,,,,19.3,21.2,,26.3,22.4,18.4,19.4,19.5,20.9,16.3,16.4,12.6,9.2,12.6,12.4,11.4,10.1,8.5,7.1,7.0,5.3,5.8,4.5,4.1,3.0,,5.1,5.2,4.6
EGY,"Egypt, Arab Rep.",7.1,,,,,4.1,,,,0.0,,,,,4.1,,,,3.7,,1.5,,1.2,,,1.2,,3.1,,2.0,,1.4,,
ECU,Ecuador,,,,,21.5,18.1,,,21.1,26.9,34.1,,,18.9,19.4,15.4,10.9,10.9,9.8,9.3,7.8,6.4,6.0,4.5,4.0,4.8,5.0,4.3,4.7,4.6,8.4,5.3,4.4,4.7
DOM,Dominican Republic,,,10.0,,,,8.0,8.1,,,8.3,6.6,9.0,10.7,14.6,9.9,8.1,7.8,7.1,6.3,5.5,5.3,5.4,4.4,4.1,3.3,3.0,1.5,1.1,1.0,1.3,1.3,1.0,1.3
DMA,Dominica,,,,,,,,,,,,,,,,,,,,,,,,,,,,,,,,,,
DJI,Djibouti,,,,,,,,,,,,,32.3,,,,,,,,,,26.4,31.2,,,,25.4,,,,,,
DNK,Denmark,,,0.5,,,0.0,,,,,0.0,,,0.4,0.3,0.3,0.2,0.1,0.3,0.6,0.1,0.0,0.0,0.3,0.2,0.2,0.3,0.1,0.2,0.3,0.2,0.2,0.2,0.4
CZE,Czechia,,,0.0,0.0,,,0.0,,,,,,0.0,,0.0,0.0,0.1,0.1,0.1,0.0,0.0,0.1,0.1,0.0,0.0,0.0,0.0,0.0,0.0,0.0,0.0,0.1,0.0,0.0
CYP,Cyprus,,,,,,,,,,,,,,,0.1,0.1,0.0,0.0,0.0,0.1,0.1,0.0,0.0,0.1,0.1,0.0,0.1,0.1,0.1,0.2,0.0,0.0,0.0,0.0
CUW,Curacao,,,,,,,,,,,,,,,,,,,,,,,,,,,,,,,,,,
CUB,Cuba,,,,,,,,,,,,,,,,,,,,,,,,,,,,,,,,,,
HRV,Croatia,,,,,,,,,0.0,0.0,0.0,0.0,,,0.0,,,,0.0,1.0,1.4,1.0,1.1,1.2,1.2,0.7,0.9,0.6,0.5,0.4,0.4,0.3,0.4,0.3
CIV,Cote d'Ivoire,,,39.6,,,40.9,,,44.1,,,,44.7,,,,,,47.9,,,,,,,47.5,,,22.7,,,20.9,,
CRI,Costa Rica,13.9,17.1,13.8,11.8,9.4,10.6,11.7,9.1,7.5,9.3,9.8,7.6,6.6,6.9,6.6,5.0,5.2,3.1,3.4,3.6,2.2,2.7,2.6,2.6,2.4,2.4,2.4,1.7,2.3,1.7,3.4,2.2,1.6,1.5
COG,"Congo, Rep.",,,,,,,,,,,,,,,,54.5,,,,,,39.2,,,,,,,,,,,,
COD,"Congo, Dem. Rep.",,,,,,,,,,,,,,,94.9,,,,,,,,78.9,,,,,,,,85.3,,,
COM,Comoros,,,,,,,,,,,,,,,27.9,,,,,,,,,,31.4,,,,,,,,,
COL,Colombia,,19.3,16.0,,,,24.8,,,28.2,23.9,29.6,21.2,19.8,19.2,16.8,,,16.6,15.0,13.1,11.2,10.9,9.9,9.0,8.1,8.0,7.3,7.4,8.8,13.5,11.2,9.3,7.7
CHN,China,83.0,,,76.8,,,62.0,,,58.4,,,48.1,,,33.1,,,26.2,,20.6,15.7,13.2,6.2,4.7,3.0,2.2,1.7,0.8,0.0,0.0,0.0,0.0,
CHL,Chile,16.0,,11.1,,10.5,,8.0,,7.4,,8.6,,,7.9,,,3.3,,,2.6,,1.7,,0.8,,0.7,,0.5,,,1.7,,0.5,
CHI,Channel Islands,,,,,,,,,,,,,,,,,,,,,,,,,,,,,,,,,,
TCD,Chad,,,,,,,,,,,,,,66.7,,,,,,,,45.2,,,,,,,41.9,,,,39.5,
CAF,Central African Republic,,,84.8,,,,,,,,,,,,,,,,67.3,,,,,,,,,,,,,71.6,,
CYM,Cayman Islands,,,,,,,,,,,,,,,,,,,,,,,,,,,,,,,,,,
CAN,Canada,1.2,1.2,0.7,1.2,1.0,0.7,0.5,0.5,0.5,0.5,0.2,0.2,0.2,0.2,0.2,0.2,0.2,0.2,0.2,0.2,0.2,0.2,0.2,0.5,0.2,0.5,0.5,0.5,0.2,0.2,0.2,0.2,,
CMR,Cameroon,,,,,,,56.5,,,,,30.8,,,,,,36.0,,,,,,,29.0,,,,,,,26.7,,
KHM,Cambodia,,,,,,,,,,,,,,,,,,,,,,,,,,,,,,,,,,
CPV,Cabo Verde,,,,,,,,,,,,37.1,,,,,,26.2,,,,,,,,14.6,,,,,,,,
BDI,Burundi,,,85.0,,,,,,87.6,,,,,,,,81.5,,,,,,,75.8,,,,,,,74.2,,,
BFA,Burkina Faso,,,,,87.6,,,,86.4,,,,,69.6,,,,,,67.2,,,,,58.7,,,,47.7,,,42.1,,
BGR,Bulgaria,,,0.0,,0.0,1.9,,0.0,,,,4.7,,2.2,,,8.0,2.5,1.9,1.8,2.7,3.4,3.0,3.3,2.7,4.6,3.1,2.0,1.5,1.6,0.7,1.2,1.1,1.0
BRN,Brunei Darussalam,,,,,,,,,,,,,,,,,,,,,,,,,,,,,,,,,,
VGB,British Virgin Islands,,,,,,,,,,,,,,,,,,,,,,,,,,,,,,,,,,
BRA,Brazil,30.3,,29.4,28.2,,19.5,20.7,20.4,19.1,20.0,,17.5,16.2,17.1,15.3,13.7,11.4,10.8,9.1,8.4,,7.1,6.4,5.4,4.7,5.4,6.5,6.9,6.9,7.0,2.8,7.5,4.9,3.8
BWA,Botswana,,,,42.1,,,,,,,,,34.8,,,,,,,21.1,,,,,,21.4,,,,,,,,
BIH,Bosnia and Herzegovina,,,,,,,,,,,,0.6,,,0.4,,,0.2,,,,0.2,,,,,,,,,,,,
BOL,Bolivia,5.8,,13.8,,,,,18.6,,24.6,28.3,22.3,23.9,,13.2,18.7,15.9,12.1,10.6,10.0,,6.9,7.9,6.8,5.6,6.2,7.2,6.4,4.7,3.1,4.2,3.1,3.3,2.8
BTN,Bhutan,,,,,,,,,,,,,,23.1,,,,12.0,,,,,3.6,,,,,2.6,,,,,0.0,
BMU,Bermuda,,,,,,,,,,,,,,,,,,,,,,,,,,,,,,,,,,
BEN,Benin,,,,,,,,,,,,,,70.5,,,,,,,,68.4,,,,65.8,,,37.2,,,27.2,,
BLZ,Belize,,,,18.0,18.1,18.4,23.3,26.0,26.1,22.5,,,,,,,,,,,,,,,,,,,1.0,,,,,
BEL,Belgium,,,1.0,,,0.7,,0.5,,,0.3,,,0.4,0.1,0.3,0.2,0.2,0.1,0.1,0.1,0.2,0.2,0.1,0.1,0.1,0.1,0.2,0.1,0.1,0.1,0.0,0.0,0.1
BLR,Belarus,,,,3.1,,2.3,,,38.2,33.7,26.5,14.7,10.4,8.7,4.3,2.4,1.1,1.1,0.5,0.5,0.2,0.1,0.1,0.0,0.0,0.0,0.0,0.0,0.0,0.0,0.0,,,
BRB,Barbados,,,,,,,,,,,,,,,,,,,,,,,,,,,1.7,,,,,,,
BGD,Bangladesh,,51.2,,,,43.4,,,,,41.4,,,,,32.3,,,,,25.1,,,,,,19.5,,,,,,5.9,
BHR,Bahrain,,,,,,,,,,,,,,,,,,,,,,,,,,,,,,,,,,
BHS,"Bahamas, The",,,,,,,,,,,,,,,,,,,,,,,,,,,,,,,,,,
AZE,Azerbaijan,,,,,,19.7,,,,,,11.4,0.2,0.2,0.0,0.0,,,,,,,,,,,,,,,,,,
AUT,Austria,,,,,0.2,0.0,0.0,0.2,0.2,0.2,0.2,,,0.4,0.1,0.2,0.1,0.4,0.5,0.7,0.5,0.5,0.7,0.3,0.2,0.7,0.7,0.3,0.6,0.6,0.7,0.5,0.6,0.5
AUS,Australia,,,,,,1.0,,,,,,1.0,,1.0,0.7,,,,0.7,,0.3,,,,0.5,,0.5,,0.5,,1.0,,,
ABW,Aruba,,,,,,,,,,,,,,,,,,,,,,,,,,,,,,,,,,
ARM,Armenia,,,,,,,21.6,,,21.2,,24.1,19.8,14.8,10.3,6.1,4.5,3.7,2.0,3.1,2.9,3.1,2.5,2.9,3.4,2.9,2.5,2.4,2.9,2.4,1.5,2.1,1.9,1.9
ARG,Argentina,,1.3,2.5,2.9,2.7,5.1,5.4,5.2,5.7,5.9,7.3,10.7,17.1,8.2,6.0,4.4,3.5,2.8,2.6,2.4,1.5,1.2,1.3,1.1,1.1,,1.3,1.1,1.6,1.7,2.2,1.4,1.3,1.2
ATG,Antigua and Barbuda,,,,,,,,,,,,,,,,,,,,,,,,,,,,,,,,,,
AGO,Angola,,,,,,,,,,,27.0,,,,,,,,22.1,,,,,,,,,,39.3,,,,,
AND,Andorra,,,,,,,,,,,,,,,,,,,,,,,,,,,,,,,,,,
ASM,American Samoa,,,,,,,,,,,,,,,,,,,,,,,,,,,,,,,,,,
DZA,Algeria,,,,,,11.8,,,,,,,,,,,,,,,,0.0,,,,,,,,,,,,
ALB,Albania,,,,,,,3.0,,,,,,4.2,,,2.7,,,0.8,,,,1.8,,3.7,1.1,1.1,1.4,1.0,0.3,0.3,,,
AFG,Afghanistan,,,,,,,,,,,,,,,,,,,,,,,,,,,,,,,,,,
WLD,World,43.4,43.1,42.4,41.9,40.6,39.2,37.9,37.6,37.9,37.3,36.3,35.3,33.8,32.2,30.3,28.4,27.0,25.3,24.1,23.0,21.0,19.2,17.9,15.6,14.6,13.4,12.6,11.9,11.2,,11.4,11.2,10.8,10.5
UMC,Upper middle income,58.5,57.6,56.3,54.8,51.6,48.4,45.8,45.5,45.8,44.0,41.3,39.0,35.1,32.1,28.9,25.4,23.8,21.7,20.2,18.8,16.5,13.4,11.6,7.8,6.9,5.5,4.8,4.2,3.5,3.0,2.9,2.9,2.5,2.3
TSS,Sub-Saharan Africa (IDA & IBRD countries),,,,,,,,,,,,,,,,,,,,,,,,,,,,,,,,,,
SSA,Sub-Saharan Africa (excluding high income),,,,,,,,,,,,,,,,,,,,,,,,,,,,,,,,,,
SSF,Sub-Saharan Africa,61.5,62.8,63.9,64.6,64.7,64.5,63.9,63.5,63.5,63.1,62.5,61.3,60.9,59.9,57.0,55.5,54.0,53.0,51.6,51.1,49.5,48.5,47.3,46.4,45.7,45.5,45.3,45.0,44.6,44.4,46.4,46.6,46.4,46.5
TSA,South Asia (IDA & IBRD),,,,,,,,,,,,,,,,,,,,,,,,,,,,,,,,,,
SAS,South Asia,49.7,49.6,48.9,48.1,47.4,47.1,46.8,,,,,,46.0,45.6,45.0,43.3,40.7,38.1,36.8,34.6,30.4,27.5,25.2,22.8,20.0,,,,,,9.4,7.9,6.1,4.7
SST,Small states,,,,,,,,,,,,,,,,,,,,,,,,,,,,,,,,,,
PRE,Pre-demographic dividend,,,,,,,,,,,,,,,,,,,,,,,,,,,,,,,,,,
PST,Post-demographic dividend,,,,,,,,,,,,,,,,,,,,,,,,,,,,,,,,,,
PSS,Pacific island small states,,,,,,,,,,,,,,,,,,,,,,,,,,,,,,,,,,
OSS,Other small states,,,,,,,,,,,,,,,,,,,,,,,,,,,,,,,,,,
OED,OECD members,,,,,,,,,,,,,,,,,,,,,,,,,,,,,,,,,,
INX,Not classified,,,,,,,,,,,,,,,,,,,,,,,,,,,,,,,,,,
NAC,North America,0.5,0.5,0.5,0.6,0.6,0.6,0.5,0.6,0.7,0.6,0.6,0.8,0.7,0.8,0.9,0.9,0.9,0.8,0.9,0.8,0.9,0.9,0.9,0.9,1.1,1.0,1.0,1.1,0.9,0.8,0.3,0.2,1.1,1.0
MIC,Middle income,,,,,,,,,,,,,,,,,,,,,,,,,,,,,,,,,,
TMN,"Middle East, North Africa, Afghanistan & Pakistan (IDA & IBRD)",,,,,,,,,,,,,,,,,,,,,,,,,,,,,,,,,,
MNA,"Middle East, North Africa, Afghanistan & Pakistan (excluding high income)",,,,,,,,,,,,,,,,,,,,,,,,,,,,,,,,,,
MEA,"Middle East, North Africa, Afghanistan & Pakistan",34.2,32.0,28.2,28.3,25.7,25.3,23.1,22.7,23.1,23.4,23.8,24.6,24.1,22.2,19.9,18.8,17.6,16.7,14.6,15.2,13.3,13.0,12.3,11.6,11.5,11.3,11.3,11.0,11.0,11.4,,,,
LMC,Lower middle income,51.1,50.6,49.7,49.4,48.3,47.9,46.9,,,,,,45.9,44.8,43.2,41.6,39.4,36.9,35.2,33.5,30.1,28.2,26.4,23.7,21.7,,,,,,15.2,14.4,13.4,12.6
LIC,Low income,,,,,,,,,,,,,62.7,60.5,59.7,58.8,58.0,57.0,55.8,55.9,54.1,53.9,52.8,52.3,52.6,53.6,54.2,54.1,,,55.5,56.2,55.6,56.3
LMY,Low & middle income,55.6,55.0,53.9,53.0,51.0,49.2,47.5,47.1,47.3,46.4,45.1,43.9,41.8,39.8,37.5,35.1,33.4,31.2,29.7,28.3,25.7,23.4,21.7,18.8,17.5,16.1,15.0,14.0,13.2,12.7,13.4,13.1,12.5,12.2
LDC,Least developed countries: UN classification,,,,,,,,,,,,,,,,,,,,,,,,,,,,,,,,,,
TLA,Latin America & the Caribbean (IDA & IBRD countries),,,,,,,,,,,,,,,,,,,,,,,,,,,,,,,,,,
LAC,Latin America & Caribbean (excluding high income),,,,,,,,,,,,,,,,,,,,,,,,,,,,,,,,,,
LCN,Latin America & Caribbean,20.7,20.1,20.2,20.1,19.5,18.5,19.9,19.4,19.2,19.5,18.1,17.9,17.1,16.6,15.3,14.2,12.0,10.8,9.9,9.5,8.5,7.7,7.4,6.7,6.3,5.9,6.1,6.0,5.9,6.0,5.6,6.3,5.0,4.6
LTE,Late-demographic dividend,,,,,,,,,,,,,,,,,,,,,,,,,,,,,,,,,,
IDA,IDA total,63.3,62.9,62.0,62.3,61.2,60.7,59.5,58.9,58.9,58.9,58.5,57.8,57.1,55.3,51.9,50.0,48.3,46.5,44.3,43.8,41.8,40.8,39.6,37.1,36.3,36.0,35.6,34.7,34.1,33.8,35.3,35.5,35.1,35.2
IDX,IDA only,,,,,,,,,,,,,,,,,,,,,,,,,,,,,,,,,,
IDB,IDA blend,,,,,,,,,,,,,,,,,,,,,,,,,,,,,,,,,,
IBT,IDA & IBRD total,,,,,,,,,,,,,,,,,,,,,,,,,,,,,,,,,,
IBD,IBRD only,,,,,,,,,,,,,,,,,,,,,,,,,,,,,,,,,,
HIC,High income,1.1,1.2,1.4,1.8,2.2,1.8,1.9,1.1,1.2,1.7,1.5,1.3,1.1,1.0,0.9,0.8,0.8,0.6,0.6,0.6,0.6,0.6,0.6,0.6,0.7,0.7,0.6,0.6,0.6,0.5,0.4,0.3,0.6,0.6
HPC,Heavily indebted poor countries (HIPC),,,,,,,,,,,,,,,,,,,,,,,,,,,,,,,,,,
FCS,Fragile and conflict affected situations,,,,54.1,55.2,56.0,55.6,55.0,54.7,55.0,,51.5,51.1,50.0,47.0,45.2,44.0,42.6,41.4,40.5,38.8,38.5,37.6,36.9,36.5,36.6,37.0,36.9,36.9,,39.5,40.8,40.8,41.5
EUU,European Union,,,,,,,,,,,,,,,,,,,,,,,,,,,,,,,,,,
TEC,Europe & Central Asia (IDA & IBRD countries),,,,,,,,,,,,,,,,,,,,,,,,,,,,,,,,,,
ECA,Europe & Central Asia (excluding high income),,,,,,,,,,,,,,,,,,,,,,,,,,,,,,,,,,
ECS,Europe & Central Asia,4.0,4.5,5.5,6.1,7.6,7.3,7.5,6.8,7.0,8.7,7.6,6.9,6.2,5.9,5.1,5.0,4.4,4.0,3.7,3.7,3.8,3.6,3.6,1.1,1.2,1.2,1.0,1.0,0.8,0.8,0.8,0.8,0.7,0.6
EMU,Euro area,,,,,,,,,,,,,,,,,,,,,,,,,,,,,,,,,,
TEA,East Asia & Pacific (IDA & IBRD countries),,,,,,,,,,,,,,,,,,,,,,,,,,,,,,,,,,
EAP,East Asia & Pacific (excluding high income),,,,,,,,,,,,,,,,,,,,,,,,,,,,,,,,,,
EAS,East Asia & Pacific,67.0,65.9,64.2,62.5,58.7,55.2,51.6,51.0,51.5,49.1,46.8,44.2,40.2,36.5,33.1,29.0,27.8,25.2,23.5,21.5,18.8,15.5,13.5,9.1,7.8,6.1,5.1,4.2,3.3,2.6,2.7,2.6,2.4,2.2
EAR,Early-demographic dividend,,,,,,,,,,,,,,,,,,,,,,,,,,,,,,,,,,
CEB,Central Europe and the Baltics,,,,,,,,,,,,,,,,,,,,,,,,,,,,,,,,,,
CSS,Caribbean small states,,,,,,,,,,,,,,,,,,,,,,,,,,,,,,,,,,
ARB,Arab World,,,,,,,,,,,,,,,,,,,,,,,,,,,,,,,,,,
AFW,Africa Western and Central,,,,,,,,,,,,,,,,,,,,,,,,,,,,,,,,,,
AFE,Africa Eastern and Southern,,,,,,,,,,,,,,,,,,,,,,,,,,,,,,,,,,
